difficulty,n_stages,accuracy,count
hard,1,0.32679738562091504,153
hard,3,0.42276422764227645,123
medium,1,0.6666666666666666,264
medium,3,0.5135135135135135,148
easy,1,0.9787878787878788,660
easy,3,0.46559633027522934,436
